[
    {
    "title": "Saudi King Salman Hospitalized for Medical Tests",
    "link": "https://time.com/5868873/saudi-kind-salman-hospitalized/"
    },
    {
    "title": "Iran Executes Man Convicted of Spying on Soleimani",
    "link": "https://time.com/5868856/iran-executed-spy-soleimani/"
    },
    {
    "title": "Kim Jong Un Berates Officials Over Hospital Project",
    "link": "https://time.com/5868844/kim-jong-un-berate-hospital-officials/"
    },
    {
    "title": "Boy, 12, Driving Stolen Truck Leads Police on Chase",
    "link": "https://time.com/5868839/delaware-boy-stolen-truck-police/"
    },
    {
    "title": "N.J. Federal Judge’s Son Killed, Husband Wounded",
    "link": "https://time.com/5868834/new-jersey-federal-judge-shooting/"
    }
]    